{
    "accuracy": 0.9649122807017544,
    "percision": 0.9534883720930233,
    "f1_score": 0.9534883720930233,
    "recall_score": 0.9534883720930233,
    "confusion_metrics": [
        [
            69,
            2
        ],
        [
            2,
            41
        ]
    ]
}